date,ticker,open,close,change_pct,volume
2026-01-12,LVLU,6.75,11.8433,75.45629629629629,8296937
2026-01-09,NBY,9.87,19.16,94.12360688956434,9720941
2026-01-08,CGTL,1.37,2.53,84.67153284671531,26322841
2026-01-08,FLYX.WS,0.7001,1.31,87.11612626767607,473976
2026-01-06,EMAT,9.0,21.29,136.55555555555554,736330
2026-01-02,SKYQ,0.231,0.4305,86.36363636363636,18040115
2026-01-02,LVRO,0.5837,1.1,88.45297241733769,115059116
2025-12-30,AFJK,45.04,82.58,83.34813499111901,918188
2025-12-23,PCLA,0.186,0.36,93.54838709677419,821965346
2025-12-22,FJET,7.73,31.5,307.503234152652,49859975
2025-12-22,HXHX,0.5199,1.29,148.12463935372188,323488310
2025-12-22,ZVZZT,16.54,30.35,83.4945586457074,96583
2025-12-19,LAZR,0.21635,0.6044,179.36214467298365,895763104
2025-12-18,AFJK,25.77,52.23,102.67753201396972,1020088
2025-12-17,MGRT,4.61,13.05,183.08026030368765,3760560
2025-12-17,PCSA,3.35,6.68,99.40298507462686,39585343
2025-12-17,ZVZZT,11.09,21.98,98.1965734896303,151088
2025-12-16,VMAR,0.3904,0.976,149.99999999999994,240271110
2025-12-15,AMCI,3.62,7.27,100.82872928176793,103786361
2025-12-12,ARBKL,1.69,5.3,213.6094674556213,5136914
2025-12-11,ZVZZT,12.1,22.31,84.3801652892562,66307
2025-12-10,BBGI,6.05,16.69,175.86776859504135,45846411
2025-12-09,AFJK,9.68,88.5,814.2561983471074,6728517
2025-12-09,LGHL,4.35,8.05,85.05747126436785,7382308
2025-12-09,OCG,3.33,10.27,208.4084084084084,53659602
2025-12-08,TWG,9.51,22.01,131.44058885383808,24251498
2025-12-08,WBUY,2.01,4.06,101.99004975124377,19444063
2025-12-08,ORKT,0.9411,2.33,147.5826160875571,12132816
2025-12-05,TGL,6.82,25.44,273.0205278592376,25611624
2025-12-05,ZVZZT,12.19,27.49,125.512715340443,123523
2025-12-04,SMX,62.6,141.0,125.23961661341853,6550636
2025-12-03,KITT,0.76,1.56,105.26315789473684,165100958
2025-12-03,ZVZZT,23.53,91.96,290.8202294942626,84289
2025-12-01,CNCK,3.64,7.88,116.4835164835165,27353781
2025-12-01,FLYE,4.48,15.79,252.45535714285708,18712277
2025-11-28,SMX,33.5,61.04,82.2089552238806,22543452
2025-11-26,KTTA,0.51,1.06,107.84313725490198,159521876
2025-11-26,SMX,5.94,17.4,192.92929292929287,22826665
2025-11-26,ZYXI,0.7205,1.59,120.68008327550312,141257520
2025-11-26,ZVZZT,12.1,28.85,138.4297520661157,265111
2025-11-25,ZVZZT,12.12,26.48,118.4818481848185,146311
2025-11-24,AEHL,1.31,2.53,93.12977099236639,101730125
2025-11-21,ZVZZT,12.1,29.48,143.63636363636365,115433
2025-11-19,WSHP,38.0,200.0,426.3157894736843,268914
2025-11-18,EPSM,1.38,2.72,97.10144927536236,30420973
2025-11-17,ATGL,11.82,21.61,82.82571912013536,865629
2025-11-14,ZVZZT,12.17,21.7,78.30731306491371,166392
2025-11-12,LPTX,0.605,2.05,238.84297520661156,785997614
2025-11-11,LFS,1.75,11.37,549.7142857142857,37188174
2025-11-11,ZVZZT,12.12,25.1,107.09570957095713,57943
2025-11-10,ZVZZT,12.15,31.96,163.04526748971196,128313
2025-11-10,HKIT,2.22,4.15,86.93693693693693,9165628
2025-11-07,EOSEW,3.31,6.73,103.32326283987916,1271413
2025-11-07,USARW,3.25,6.02,85.23076923076923,718033
2025-11-06,MTC,1.56,2.77,77.56410256410255,132072498
2025-11-05,MTC,0.31,2.21,612.9032258064516,337977913
2025-11-04,ZVZZT,12.11,32.16,165.56564822460774,124830
2025-11-04,DTCK,2.88,5.1,77.08333333333333,14105539
2025-11-03,PRLD,1.58,3.98,151.89873417721518,34564958
2025-10-30,BQ,7.78,16.97,118.12339331619535,2960474
2025-10-27,CODX,0.5941,1.26,112.08550749032152,1115789031
2025-10-24,MAMK,2.7,5.29,95.92592592592591,4853006
2025-10-23,SCNX,0.9216,2.6,182.11805555555557,800934469
2025-10-23,MSAI,0.67,1.35,101.49253731343283,96141024
2025-10-22,ARMP,3.5,7.05,101.42857142857142,13062640
2025-10-22,BENF,6.7648,11.92,76.20624408703878,42429874
2025-10-21,RYOJ,4.8698,9.12,87.27668487412214,23618172
2025-10-16,IVF,6.032,11.2,85.67639257294428,27876632
2025-10-15,GNPX,23.98,42.0,75.14595496246872,18618789
2025-10-15,TOVX,0.4412,0.84,90.38984587488667,196646052
2025-10-14,AQMS,16.9,29.62,75.26627218934914,34583496
2025-10-14,AWX,2.78,5.05,81.65467625899281,13871026
2025-10-13,ELBM,3.3,7.02,112.72727272727272,197012257
2025-10-13,STI,11.59,21.625,86.5832614322692,100973792
2025-10-10,ZVZZT,12.15,84.22,593.1687242798353,53602
2025-10-09,NUAI,1.56,2.83,81.41025641025641,166766639
2025-10-08,ZVZZT,10.1,27.68,174.05940594059405,48367
2025-10-06,SPRB,34.77,130.4,275.03595053206783,24947103
2025-10-06,ONMD,1.435,2.56,78.397212543554,285238078
2025-10-06,ABVEW,0.42,0.74,76.1904761904762,1299679
2025-10-02,BTTC,6.0,23.98,299.6666666666667,3836667
2025-10-01,ZVZZT,12.83,36.33,183.16445830085738,130898
2025-09-29,BQ,2.99,9.75,226.08695652173913,49414827
2025-09-29,ZVZZT,36.01,126.0,249.902804776451,97575
2025-09-29,ENTA,7.15,15.16,112.02797202797201,16718532
2025-09-29,YCBD,0.73,1.38,89.04109589041094,198867551
2025-09-26,APLT,0.5746,1.24,115.80229725026105,114725027
2025-09-22,BETRW,0.24,0.53,120.83333333333334,8081483
2025-09-19,ARQQW,0.4416,0.9799,121.89764492753623,865697
2025-09-18,CDLX,1.44,2.755,91.31944444444444,125481499
2025-09-18,ADAP,0.0845,0.16,89.34911242603549,825386452
2025-09-18,BREA,7.84,24.9,217.60204081632654,16597492
2025-09-16,CODX,0.35,0.6388,82.51428571428573,243305025
2025-09-16,TURB,6.23,12.4,99.03691813804173,141893293
2025-09-15,MTVA,7.557,16.5,118.3406113537118,8208838
2025-09-12,FOFO,5.25,12.35,135.2380952380952,8976225
2025-09-11,NXTT,35.84,71.0,98.10267857142854,3740236
2025-09-11,ZVZZT,10.1,30.87,205.6435643564357,1015031
2025-09-10,ZVZZT,12.11,30.0,147.72914946325352,111867
2025-09-09,NAKA,4.41,8.08,83.21995464852607,15877054
2025-09-09,ISPC,0.68,1.94,185.29411764705878,131317897
2025-09-09,EPSM,26.81,138.0,414.7333084669899,665308
2025-09-09,QMMM,14.95,207.0,1284.6153846153848,14819396
2025-09-09,CDTG,0.5422,1.04,91.81113980081152,65883306
2025-09-08,SNTG,1.94,6.81,251.0309278350515,79967634
2025-09-08,KRKR,5.5,10.1,83.63636363636363,8102135
2025-09-08,OCTO,18.86,45.08,139.02439024390242,204842444
2025-09-05,CNF,2.355,4.66,97.87685774946922,1201502
2025-09-03,ZVZZT,10.1,25.0,147.5247524752475,124196
2025-09-03,YDESW,0.65,1.16,78.46153846153844,608753
2025-09-02,SOGP,11.33,21.87,93.02736098852604,18610615
2025-09-02,ZVZZT,10.1,29.28,189.9009900990099,52646
2025-09-02,HWH,2.43,4.72,94.238683127572,323395860
2025-08-29,IPDN,3.03,6.69,120.7920792079208,306028558
2025-08-28,SOGP,4.65,12.5,168.81720430107526,125117299
2025-08-25,WGRX,0.9167,1.64,78.90258536053234,24787459
2025-08-25,INHD,31.92,114.0,257.1428571428571,8076136
2025-08-25,ZVZZT,10.1,31.94,216.2376237623763,243048
2025-08-25,OPAD,2.035,3.64,78.86977886977886,161676864
2025-08-21,ZVZZT,12.1,31.98,164.29752066115705,78787
2025-08-20,THAR,1.415,3.59,153.7102473498233,367092804
2025-08-20,ZVZZT,12.1,25.11,107.52066115702479,115462
2025-08-19,ZVZZT,21.55,50.5,134.33874709976797,85736
2025-08-18,ZVZZT,10.1,21.54,113.26732673267325,199635
2025-08-14,NAKAW,8.5,15.3,80.0,41163
2025-08-14,TPIC,0.1562,0.2963,89.69270166453265,664787805
2025-08-14,ONMD,0.492,0.9585,94.81707317073172,319740419
2025-08-13,BSLKW,0.05,0.109,118.0,5637540
2025-08-13,BSLK,3.49,14.32,310.3151862464183,264180058
2025-08-13,ZVZZT,30.0,100.28,234.26666666666668,269638
2025-08-12,ATNFW,0.025,0.1065,325.99999999999994,26038358
2025-08-12,ZVZZT,13.37,29.63,121.61555721765144,501019
2025-08-08,ZVZZT,10.1,21.37,111.5841584158416,77491
2025-08-08,PAPL,2.78,4.9,76.25899280575543,75254363
2025-08-07,ZVZZT,60.12,107.82,79.34131736526946,256433
2025-08-06,ZVZZT,12.12,61.45,407.0132013201321,73698
2025-08-05,GV,1.08,2.05,89.81481481481478,37966675
2025-08-05,ZVZZT,12.13,49.98,312.0362737015663,84862
2025-08-01,FGF,20.12,38.3,90.35785288270375,1503718
2025-08-01,EQ,0.4,0.71,77.49999999999999,144394517
2025-07-31,CPOP,0.72,1.61,123.61111111111114,21411043
2025-07-31,ZVZZT,12.1,31.96,164.13223140495867,66114
2025-07-28,ZVZZT,12.11,27.23,124.85549132947978,56967
2025-07-28,PFSA,0.746,1.94,160.05361930294904,127971365
2025-07-28,VWAV,4.1,11.0,168.2926829268293,254749756
2025-07-28,VWAVW,0.1003,0.385,283.84845463609173,4755934
2025-07-25,ZVZZT,32.14,224.19,597.5420037336653,80788
2025-07-25,MCVT,2.82,5.9,109.2198581560284,116360640
2025-07-25,SMX,714.1407,1293.9983,81.19654852328118,132669
2025-07-23,ZVZZT,12.1,22.78,88.26446280991736,474001
2025-07-23,AGH,0.64,1.91,198.4375,30228539
2025-07-22,ZVZZT,12.1,29.22,141.48760330578511,199198
2025-07-21,AIRE,0.2685,0.8497,216.46182495344505,790314017
2025-07-18,ZVZZT,12.1,74.1,512.396694214876,47636
2025-07-17,ATNF,0.8996,1.83,103.42374388617166,64023996
2025-07-16,YHC,4.61,10.73,132.75488069414317,49704935
2025-07-15,CYCC,4.58,12.33,169.21397379912665,63786644
2025-07-14,IBG,2.9,5.15,77.58620689655174,16639701
2025-07-14,TROO,0.6806,1.34,96.8851013811343,93346817
2025-07-11,INKT,21.07,64.17,204.5562411010916,47857735
2025-07-11,AZI,10.0,18.15,81.49999999999999,3986994
2025-07-10,QTTB,1.63,3.32,103.68098159509202,59600038
2025-07-10,ABVE,0.4141,1.55,274.30572325525236,448636072
2025-07-10,SQNS,21.4,39.0,82.24299065420561,5868826
2025-07-09,ZVZZT,12.11,23.0,89.92568125516102,308875
2025-07-08,BTCS,3.015,5.91,96.01990049751244,134376185
2025-07-08,PROK,1.27,3.73,193.7007874015748,343425183
2025-07-03,RGC,11.0,22.99,108.99999999999999,18796057
2025-07-03,BMNR,57.28,135.0,135.68435754189946,37579767
2025-07-02,SONN,1.3,4.15,219.23076923076925,129873699
2025-07-02,BGL,72.1,133.0,84.46601941747575,439834
2025-07-01,MBIO,0.95,2.05,115.7894736842105,28953918
2025-06-30,PET,0.1083,0.2312,113.48107109879963,152819572
2025-06-30,BULLZ,0.82,1.87,128.04878048780492,1656584
2025-06-30,BMNR,15.0,33.9,126.0,110196702
2025-06-27,RCT,1.61,3.24,101.24223602484473,78019827
2025-06-27,SERA,2.09,4.09,95.69377990430623,8673206
2025-06-26,ZVZZT,10.1,28.76,184.7524752475248,98582
2025-06-25,VOR,5.91,11.088,87.61421319796952,8608782
2025-06-24,BULLZ,0.51,1.24,143.13725490196077,1166506
2025-06-24,YAAS,232.0,446.4,92.41379310344826,286771
2025-06-23,MAAS,4.36,9.93,127.75229357798163,1507835
2025-06-20,NXTT,260.0,688.0,164.6153846153846,69192
2025-06-18,NWGL,2.34,5.63,140.59829059829062,5982860
2025-06-17,EYEN,3.06,6.97,127.77777777777777,29938045
2025-06-17,CERO,10.42,19.83,90.3071017274472,57440902
2025-06-16,RGC,26.2,60.0,129.00763358778624,5288933
2025-06-16,ZVZZT,10.1,36.25,258.91089108910893,344398
2025-06-13,AIRO,12.9,24.0,86.04651162790698,14713420
2025-06-13,OP,18.7575,40.25,114.58083433293349,3211108
2025-06-12,KLTOW,0.3321,0.66,98.7353206865402,3136186
2025-06-12,ZVZZT,12.1,21.68,79.17355371900827,95480
2025-06-12,DIST,15.94,28.0,75.65872020075282,144352
2025-06-11,JUNS,0.9674,1.99,105.70601612569774,9062447
2025-06-09,KLTOW,0.0308,0.129999,322.07467532467535,6438325
2025-06-09,KLTO,0.7184,1.82,153.34075723830733,1108690857
2025-06-09,OMH,0.9842,2.41,144.8689290794554,94402462
2025-06-06,NAMM,17.2,31.22,81.51162790697674,1206413
2025-06-06,PHAT,4.8,8.92,85.83333333333334,53357514
2025-06-04,LIMN,5.78,12.71,119.8961937716263,1435921
2025-06-04,MULN,5.26,16.1,206.08365019011413,33038211
2025-06-03,MCTR,7.12,32.9,362.07865168539325,44195677
2025-06-02,ZVZZT,25.04,60.48,141.5335463258786,225235
2025-06-02,MODV,1.1,2.2,100.0,102031804
2025-05-30,GWH,0.9107,1.7,86.66959481717362,37690765
2025-05-30,BMGL,1.28,6.08,375.0,177398361
2025-05-29,SBET,29.16,79.21,171.639231824417,20600932
2025-05-29,HBIO,0.3101,0.6702,116.1238310222509,633823883
2025-05-28,HOLO,5.73,10.4,81.50087260034903,54449138
2025-05-28,ASBP,0.3913,0.7064,80.52645029389217,703164608
2025-05-27,IMNN,11.1555,29.6085,165.4161624310878,7590907
2025-05-27,LVWR,1.02,2.56,150.98039215686273,82033378
2025-05-23,ZVZZT,29.99,65.0,116.73891297099036,154221
2025-05-22,ZVZZT,12.17,32.11,163.8455217748562,264341
2025-05-21,LTRY,0.7466,1.78,138.4141441200107,163530664
2025-05-21,AIFU,1.5,3.2,113.33333333333336,299331
2025-05-21,ZVZZT,18.9,64.32,240.3174603174603,287128
2025-05-20,SYTAW,0.1703,0.5398,216.97005284791538,1960718
2025-05-20,MRM,0.74,1.3,75.67567567567568,7754739
2025-05-19,MULN,0.1699,0.34,100.1177163037081,557427932
2025-05-19,ARMP,1.17,2.37,102.56410256410258,13182929
2025-05-15,KDLYW,2.95,7.3471,149.0542372881356,246282
2025-05-14,KLTO,0.1261,0.2892,129.3417922283902,529962633
2025-05-14,IXHL,0.3566,0.7,96.29837352776221,1525152320
2025-05-14,PGHL,0.5,0.9927,98.54,17482105
2025-05-13,ZVZZT,17.87,31.93,78.67935086737548,23192113
2025-05-13,XHLD,10.05,20.625,105.22388059701491,4439965
2025-05-13,XTKG,7.2,12.66,75.83333333333333,430700
2025-05-13,TNMG,6.66,14.4,116.21621621621621,3738572
2025-05-12,DEVS,3.2,13.1,309.37499999999994,29591461
2025-05-09,GIBO,696.0,1396.0,100.57471264367817,5520
2025-05-09,NXTT,64.0,472.0,637.5,1089193
2025-05-09,ABTS,2.46,8.41,241.86991869918702,5986846
2025-05-08,VEEE,2.62,7.45,184.35114503816794,83995897
2025-05-08,ZVZZT,24.57,73.39,198.6975986975987,463417
2025-05-07,DEVS,2.03,4.01,97.53694581280789,27145504
2025-05-07,ASST,1.73,3.39,95.95375722543353,315839429
2025-05-06,NTCL,11.35,33.0,190.7488986784141,3309821
2025-05-05,GPUS,3.17,7.75,144.4794952681388,298219477
2025-05-02,PLRZ,784.8,1515.0,93.04281345565751,240537
2025-05-01,KIDZW,0.085,0.2023,138.0,5931764
2025-05-01,HCTI,37.9227,67.23,77.2816808929744,414401
2025-05-01,KIDZ,2.41,5.36,122.40663900414938,262873244
2025-04-30,RGC,0.8316,1.5789,89.86291486291485,22924906
2025-04-30,NVNI,2.3,4.499,95.6086956521739,36302681
2025-04-28,AGMH,3.085,6.7,117.17990275526743,37553474
2025-04-25,WW,0.1481,0.3956,167.11681296421338,223581940
2025-04-24,OMEX,0.4188,0.8521,103.46227316141355,287460926
2025-04-22,ZVZZT,12.18,69.19,468.0623973727422,139190
2025-04-17,ADGM,0.9502,1.78,87.3289833719217,115479240
2025-04-17,SXTC,1.05,2.16,105.71428571428572,51734980
2025-04-17,MSGM,1.18,2.75,133.05084745762713,37004421
2025-04-16,AREC,0.6098,1.11,82.02689406362744,69399099
2025-04-16,ZVZZT,12.1,65.1,438.01652892561975,61935
2025-04-15,ZVZZT,28.13,49.95,77.56843227870603,68059
2025-04-15,OST,20.0,79.75,298.75,4312368
2025-04-14,STAK,1.25,2.22,77.60000000000001,33888536
2025-04-14,BULL,27.64,62.9,127.56874095513749,36885308
2025-04-14,ZVZZT,12.1,28.21,133.1404958677686,117495
2025-04-11,ZVZZT,10.1,21.84,116.23762376237624,139086
2025-04-10,LUCY,2.42,4.95,104.54545454545456,14537364
2025-04-09,BLIV,3.115,6.4,105.45746388443018,3493521
2025-04-09,AEHL,2.26,4.45,96.90265486725667,41603015
2025-04-08,FATN,6.5,13.0,100.0,6394651
2025-04-08,FMTO,275.0,1405.0,410.90909090909093,18797
2025-04-08,ZVSA,0.62,1.27,104.83870967741935,113952187
2025-04-07,JNVR,14.27,37.7,164.1906096706377,25056306
2025-04-07,STTK,0.711,1.3,82.8410689170183,3401630
2025-04-07,MKDW,0.18,0.52,188.8888888888889,223772126
2025-04-04,AEHL,2.2,4.25,93.18181818181816,11164888
2025-04-04,ZVZZT,10.1,32.03,217.12871287128715,60059
2025-04-04,AREB,160.0,390.0,143.75,4160307
2025-04-02,AREB,28.4,125.8,342.9577464788733,3898702
2025-04-01,WTF,4.29,19.85,362.70396270396276,19462684
2025-04-01,NMAX,125.98,233.0,84.9499920622321,11417874
2025-04-01,RSLS,3.3196,6.36,91.58934811423065,63770132
2025-03-31,NMAX,14.0,83.51,496.50000000000006,6701965
2025-03-31,ICCT,0.7316,2.24,206.17823947512304,406224475
2025-03-27,GATE,16.5,50.0,203.03030303030303,77145
2025-03-26,LXEH,10.16,18.21,79.23228346456693,432150
2025-03-25,GDHG,727.5,1428.75,96.3917525773196,88936
2025-03-25,ZVZZT,25.0,49.06,96.24000000000001,532463
2025-03-24,TRSG,1.03,2.05,99.0291262135922,2729142
2025-03-24,ZVZZT,10.03,25.32,152.44267198404788,291813
2025-03-24,VVPR,1.285,3.22,150.58365758754866,64045952
2025-03-24,MLGO,120.6,419.7,248.00995024875624,10157400
2025-03-21,SGLY,0.69,1.68,143.47826086956525,30758246
2025-03-20,IBO,0.53,2.08,292.45283018867923,30679574
2025-03-20,PSTV,0.5701,1.38,142.0627960007016,357747867
2025-03-19,XHLD,10.698,23.85,122.93886707795849,14427006
2025-03-18,KBSX,1.31,5.49,319.0839694656488,53731278
2025-03-17,WLDSW,2.95,6.3,113.5593220338983,131767
2025-03-14,USAR,10.23,18.55,81.32942326490713,381336
2025-03-13,ZVZZT,23.0,100.0,334.7826086956522,106007
2025-03-13,RGC,0.1142,0.3708,224.69352014010516,886491056
2025-03-12,CRVO,2.4,6.17,157.08333333333334,158888717
2025-03-11,AACT.WS,0.15,0.3,100.0,2146165
2025-03-11,RAY,14.56,27.04,85.7142857142857,6502072
2025-03-07,ABLV,0.68,1.74,155.88235294117646,5135235
2025-03-06,PSTV,0.57,1.44,152.63157894736844,359585031
2025-02-28,LUNRW,1.64,3.08,87.8048780487805,3127523
2025-02-28,ZVZZT,17.98,32.0,77.97552836484984,269156
2025-02-25,ZVZZT,58.0,127.59,119.98275862068965,145528
2025-02-25,VERO,3.3,5.94,80.00000000000003,1413700
2025-02-25,RETO,23.0,54.0,134.7826086956522,1574320
2025-02-24,SBFMW,0.25,0.8,220.00000000000003,728680
2025-02-24,SXTC,2.7712,6.72,142.49422632794457,3642459
2025-02-24,ZVZZT,32.12,126.0,292.2789539227895,62323
2025-02-24,QVCGB,100.5,487.0,384.5771144278607,64064
2025-02-21,MLGO,93.903,190.8,103.18839653685185,17717848
2025-02-20,VRM,12.0,31.0,158.33333333333331,34165
2025-02-20,MNDR,16.94,37.596,121.93624557260918,11304945
2025-02-14,INLF,8.75,16.33,86.6285714285714,7680970
2025-02-13,BSLK,6.3,24.6,290.4761904761905,13654972
2025-02-13,ZVZZT,25.04,63.98,155.5111821086262,30661
2025-02-13,MBRX,17.2525,31.75,84.0312998116215,4290637
2025-02-13,CSAI,18.14,37.68,107.71775082690186,3421647
2025-02-12,MYNA,0.3396,0.62,82.56772673733803,78008748
2025-02-12,TIVC,6.5518,11.9,81.62947586922678,30368747
2025-02-12,KDLY,1.81,3.28,81.21546961325964,219476289
2025-02-11,AIFF,4.2999,8.4,95.35338031117003,195409794
2025-02-11,SOPA,2.98,5.73,92.28187919463089,52989901
2025-02-11,OMGA,0.108,0.1933,78.98148148148148,319917305
2025-02-10,CSAI,5.78,12.34,113.4948096885813,10246539
2025-02-10,CYN,13.275,27.705,108.7005649717514,13908267
2025-02-06,SGBX,41.6,74.24,78.46153846153844,523652
2025-02-06,LTRY,0.49,1.41,187.75510204081633,272770059
2025-02-05,IVVD,1.17,2.11,80.34188034188034,79177080
2025-02-04,LTRY,0.3039,0.5876,93.35307666995722,129210001
2025-02-04,CAPT,0.45,1.05,133.33333333333334,245999906
2025-02-04,ZVZZT,12.1,24.72,104.29752066115702,287186
2025-02-03,ZVZZT,12.1,30.0,147.93388429752065,274917
2025-02-03,IVVD,0.4442,1.06,138.6312471859523,448532824
2025-01-31,TCTM,0.3901,0.7784,99.53857985132016,731099313
2025-01-30,BHIL,1.8,3.95,119.44444444444446,13519659
2025-01-30,FOXX,2.92,6.39,118.83561643835617,33524144
2025-01-29,SGN,2.34,4.34,85.47008547008548,97160132
2025-01-29,DGNX,1.9613,6.2688,219.62473869372351,26735344
2025-01-29,ZVZZT,25.0,53.76,115.03999999999999,207562
2025-01-29,KRKR,4.45,9.42,111.68539325842694,23687690
2025-01-28,TWNPV,1.6,18.0,1024.9999999999998,31935
2025-01-27,ORKT,2.72,5.28,94.11764705882352,15708876
2025-01-27,DWTX,9.4,17.4,85.10638297872339,15118929
2025-01-27,ZVZZT,12.1,42.87,254.297520661157,117267
2025-01-24,ZVZZT,27.18,91.86,237.96909492273733,171071
2025-01-24,NVNI,21.7,44.0,102.76497695852535,36783607
2025-01-24,DXF,11.0,29.0,163.63636363636365,776955
2025-01-23,ZVZZT,15.0,27.23,81.53333333333333,70148
2025-01-23,DWTX,2.72,13.35,390.8088235294117,103459252
2025-01-22,DGNX,0.5325,0.9375,76.05633802816902,27749616
2025-01-15,ZVZZT,12.11,25.1,107.2667217175888,140254
2025-01-14,ZVZZT,10.05,23.67,135.52238805970148,56229
2025-01-08,ZVZZT,34.0,67.97,99.91176470588235,216316
2025-01-07,DRIO,16.8,30.6,82.14285714285714,125163
2025-01-07,DATS,2.38,8.93,275.21008403361344,204884010
2025-01-06,BOXL,14.322,50.4,251.9061583577713,8013458
2025-01-06,DHAI,41.25,73.0,76.96969696969697,187031
2025-01-06,XTIA,10.225,22.0,115.15892420537898,6232875
2025-01-03,KITT,14.58,34.2,134.56790123456793,11644351
2025-01-03,ACON,1338.66,2699.028,101.62162162162159,33807
2025-01-03,MBOT,1.18,2.14,81.35593220338984,25650150
2025-01-03,CRNC,10.79,19.33,79.14735866543096,161799588
2025-01-03,FCUV,4.544,9.59,111.04753521126763,26092583
2025-01-02,NITO,15.393,37.45,143.2924056389268,17260015
2024-12-31,COEP,2.8,5.5,96.42857142857144,5083261
2024-12-31,BDMD,1.52,7.6,400.0,89739005
2024-12-30,GRRRW,0.52,0.95,82.69230769230768,2651508
2024-12-30,HOLOW,0.14,0.322343,130.24499999999998,3451217
2024-12-30,WATT,37.5,79.5,112.00000000000001,7540473
2024-12-27,AILE,0.3301,0.5932,79.70312026658587,563617833
2024-12-27,GTI,23.082,60.6,162.54224070704444,6649182
2024-12-26,SKK,0.735,1.38,87.75510204081631,52108908
2024-12-26,AIRE,1.92,3.58,86.45833333333334,130875821
2024-12-26,PDYNW,0.3302,0.8,142.27740763173836,1749203
2024-12-24,HOUR,2.1,4.4,109.52380952380953,97521350
2024-12-24,MPLN,6.9,12.24,77.39130434782608,2112029
2024-12-24,GTI,13.11,36.6,179.17620137299775,4424664
2024-12-24,BAOS,2.98,7.1,138.25503355704697,58744815
2024-12-23,DRCT,0.6,5.5,816.6666666666667,68542173
2024-12-23,CHEK,0.5988,2.25,275.75150300601206,40093341
2024-12-23,SLGL,4.06,16.5,306.40394088669956,1837617
2024-12-20,ICG,4.53,8.77,93.59823399558496,527940
2024-12-20,TPIC,1.23,2.4,95.1219512195122,34004187
2024-12-20,OPTX,1.86,3.5,88.17204301075267,38881133
2024-12-19,PRFX,5.36,11.16,108.2089552238806,95400594
2024-12-19,NVNI,5.595,26.7,377.2117962466488,2063649
2024-12-19,ZCAR,27.1,50.8,87.45387453874537,901300
2024-12-18,NUKK,18.29,50.79,177.69272826681248,54523418
2024-12-18,QMCO,22.48,60.02,166.9928825622776,22657216
2024-12-18,AEMD,29.8,52.848,77.34228187919462,582798
2024-12-17,NUKK,2.23,11.88,432.73542600896866,174400354
2024-12-17,NUKKW,0.015,0.1455,870.0000000000001,7203095
2024-12-16,OPTX,0.99,1.78,79.7979797979798,15838832
2024-12-16,TNXP,29.53,53.0,79.47849644429394,11965943
2024-12-16,SIDU,2.24,4.58,104.4642857142857,296899556
2024-12-13,IPHA,1.5,3.02,101.33333333333334,13593143
2024-12-13,WKEY,3.3,7.84,137.57575757575756,75525477
2024-12-10,RGTIW,1.5,2.77,84.66666666666667,3272610
2024-12-09,HUIZ,2.67,6.06,126.96629213483146,4953615
2024-12-09,ZVZZT,10.05,40.0,298.0099502487562,566338
2024-12-06,LIFW,1.67,3.24,94.01197604790421,29084514
2024-12-06,SBET,6.288,11.28,79.38931297709922,2257838
2024-12-06,TNMG,152.4,339.998,123.09580052493436,7231
2024-12-06,ZVZZT,13.31,63.26,375.28174305033804,64596
2024-12-05,ZVZZT,12.1,21.52,77.85123966942149,57124
2024-12-05,ZSPC,5.8,22.0,279.3103448275862,2651339
2024-12-05,ORIS,198.6,1120.2,464.0483383685801,325323
2024-12-04,SMX,13907.849,28529.033,105.12901024450294,11589
2024-12-04,BLUE,7.2,14.726,104.52777777777777,3961480
2024-12-03,PSQH.WS,0.63,1.42,125.39682539682538,4274900
2024-12-02,LPA,7.39,13.1,77.26657645466848,1100933
2024-11-29,AIEV,0.265,0.47,77.35849056603772,122778395
2024-11-26,PGHL,20.0,107.36,436.8,2932177
2024-11-26,IMG,14.0,32.0,128.57142857142858,5725566
2024-11-25,ZENA,1.89,6.42,239.68253968253973,116400450
2024-11-22,NA,4.36,8.26,89.44954128440365,2028336
2024-11-22,QMCO,4.45,9.13,105.16853932584272,39483936
2024-11-22,FLDDW,0.36,0.76,111.11111111111111,1662893
2024-11-22,PDYN,2.22,4.6,107.20720720720718,83072267
2024-11-21,SMST,72.0,128.0,77.77777777777779,3572613
2024-11-21,PROC,0.59,1.11,88.13559322033902,2586602
2024-11-18,BKKT.WS,0.1069,0.48,349.0177736202058,3442204
2024-11-18,BKKT,11.31,29.71,162.68788682581786,9712036
2024-11-14,MTEM,0.33,0.61,84.84848484848484,331489241
2024-11-13,QUBT,1.44,2.66,84.72222222222224,102171880
2024-11-13,ZVZZT,9.1,31.77,249.12087912087918,203495
2024-11-12,NA,3.3,7.7,133.33333333333334,1492768
2024-11-12,BTCT,4.72,10.5,122.45762711864407,128436910
2024-11-07,CELU,1.47,3.09,110.20408163265304,46674597
2024-11-07,ZVZZT,32.17,126.0,291.66925707180604,571321
2024-11-06,FOXO,5.413,15.574,187.7147607611306,47211121
2024-11-05,BJDX,3.705,6.85,84.88529014844804,15703404
2024-11-05,ZCAR,84.8,264.0,211.32075471698113,1670826
2024-11-05,ZVZZT,32.11,92.0,186.5151043288695,594513
2024-11-04,SPPL,2.6,9.44,263.0769230769231,50224841
2024-11-01,ZVZZT,12.16,33.0,171.3815789473684,109433
2024-11-01,VSTE,2.35,4.8,104.25531914893615,68538572
2024-10-31,STEC,0.85,1.74,104.70588235294119,42613036
2024-10-31,ZVZZT,12.12,33.87,179.45544554455446,264313
2024-10-30,ZVZZT,22.61,116.66,415.96638655462186,244069
2024-10-30,VSTE,1.14,2.27,99.12280701754388,57032331
2024-10-28,HRYU,0.24,0.5087,111.95833333333336,93047040
2024-10-25,BMTX.WS,0.098,0.45,359.1836734693877,9817131
2024-10-24,EFSH,11.925,25.425,113.20754716981132,4528764
2024-10-24,ZVZZT,25.2,70.49,179.7222222222222,56679
2024-10-24,MNPR,5.12,32.66,537.8906249999999,19963354
2024-10-23,KWE,29.61,53.13,79.43262411347519,331184
2024-10-22,NDRA,7.987,14.6335,83.21647677475897,10476995
2024-10-21,SNSE,8.46,15.6,84.39716312056736,488862
2024-10-21,GNPX,27.5,75.5,174.54545454545453,5798357
2024-10-18,BIVI,11.3,23.5,107.9646017699115,5230065
2024-10-18,ZVZZT,12.18,86.49,610.0985221674878,86633
2024-10-18,EFSH,12.45,39.45,216.8674698795181,3554892
2024-10-17,NUZE,0.4808,2.3,378.36938435940095,279562330
2024-10-17,NKGN,0.2847,0.7,145.87284861257461,23795783
2024-10-17,JDZG,5.84,13.6,132.87671232876713,4497679
2024-10-16,PRQR,2.23,4.02,80.26905829596411,52191352
2024-10-16,VSME,1.07,2.22,107.4766355140187,26682381
2024-10-15,PSIL,7.99,15.66,95.99499374217771,412010
2024-10-15,NIVF,3968.5,9800.0,146.9446894292554,28393
2024-10-15,DRUG,2.62,38.49,1369.0839694656488,102757176
2024-10-14,INVO,0.67,1.24,85.07462686567163,56098756
2024-10-14,DRUG,1.11,2.49,124.32432432432432,21504441
2024-10-11,TWG,360.9,642.6,78.05486284289277,1713836
2024-10-10,ZVZZT,11.01,33.03,200.00000000000006,645786
2024-10-08,LASE,4.16,7.93,90.62499999999999,68968829
2024-10-08,ZVZZT,42.3,96.7,128.6052009456265,204701
2024-10-07,AMBO,1.44,4.02,179.16666666666666,38902215
2024-10-07,SOBR,38.0,101.0,165.78947368421052,1593344
2024-10-04,ZVZZT,25.0,46.59,86.36000000000001,347691
2024-10-04,CHSN,224.0,1184.8,428.9285714285714,185918
2024-10-03,EVGOW,0.402,0.82,103.98009950248755,2286273
2024-10-03,PW,1.02,1.8,76.47058823529413,9720097
2024-10-02,WHLR,19488.0,37492.0,92.38505747126436,7764
2024-10-01,EONR,0.85,1.79,110.58823529411765,42599156
2024-09-30,DSY,2.51,4.8,91.23505976095618,2237893
2024-09-30,DUO,28.32,49.6,75.14124293785312,12552035
2024-09-27,UXIN,2.96,5.2,75.67567567567568,46686357
2024-09-26,SOAR,6.8,12.825,88.60294117647058,501571
2024-09-24,XHG,260.0,480.0,84.61538461538461,75230
2024-09-23,ZVZZT,12.17,38.73,218.24157764995888,88001
2024-09-19,GSIW,2.3,7.83,240.43478260869566,70644497
2024-09-19,NCI,2.352,4.2,78.5714285714286,2537915
2024-09-18,XCH,10.1,18.37,81.88118811881189,1263559
2024-09-17,GLMD,5.36,15.1,181.71641791044772,98531163
2024-09-16,ZVZZT,32.2,100.0,210.55900621118008,107780
2024-09-13,NOVVU,18.97,41.0,116.1307327358988,17976
2024-09-13,SMX,239643.5639,424368.819,77.08333664119739,702
2024-09-12,GV,2.42,4.42,82.64462809917356,45831476
2024-09-12,EGIO,1.05,2.14,103.80952380952382,106981752
2024-09-12,ZVZZT,18.05,62.06,243.82271468144046,189101
2024-09-11,CNEY,17.25,34.75,101.44927536231884,13899042
2024-09-11,SPI,0.2991,0.54,80.54162487462389,19323957
2024-09-10,AILE,0.8251,1.56,89.06799175857473,81654294
2024-09-10,QH,40.5,119.7,195.55555555555557,3848576
2024-09-06,ZVZZT,12.11,83.0,585.383980181668,433340
2024-09-05,WHLR,8484.0,34776.0,309.9009900990099,9568
2024-08-29,ZVZZT,24.0,61.69,157.04166666666666,210279
2024-08-29,XRTX,1.44,2.7,87.50000000000003,170315897
2024-08-28,ZVZZT,12.1,25.04,106.94214876033057,241084
2024-08-27,JBDI,5.0,10.12,102.39999999999998,5686282
2024-08-27,STEC,0.345,0.631,82.8985507246377,6035479
2024-08-22,FFIE,3.6,8.04,123.33333333333331,153400668
2024-08-21,VRAX,3.51,6.4,82.33618233618236,47258670
2024-08-21,GDC,2.14,3.92,83.17757009345793,81417497
2024-08-21,ZVZZT,25.92,50.1,93.28703703703704,129067
2024-08-21,APDN,58.5,103.5,76.92307692307693,505033
2024-08-20,STEC,0.22406,0.43,91.91288047844326,61944950
2024-08-19,NCNA,700.0,1940.0,177.14285714285714,21680
2024-08-19,SOND,3.44,6.04,75.5813953488372,37796438
2024-08-16,APDN,21.0,39.145,86.40476190476191,1024574
2024-08-16,CINGW,0.04,0.1799,349.75,3050823
2024-08-16,GOVX,3.64,7.06,93.95604395604394,109216349
2024-08-16,ZVZZT,12.1,31.97,164.21487603305783,162656
2024-08-15,ASTSW,11.0,19.71,79.18181818181819,2904907
2024-08-13,ELWS,1.4011,4.4,214.0389693812005,35838198
2024-08-09,DSY,0.8001,1.47,83.7270341207349,1856902
2024-08-05,TENK,15.73,36.06,129.24348378893836,2269182
2024-08-05,TENKU,17.91,40.02,123.45058626465664,33997
2024-07-29,TWOU,1.31,2.65,102.29007633587786,139181364
2024-07-29,AIU,2.2,4.56,107.27272727272722,12661831
2024-07-25,TCS,8.6115,15.75,82.89496603379203,3976962
2024-07-23,RGC,0.0947,0.3937,315.73389651531147,51474838
2024-07-22,MIRA,1.31,5.01,282.442748091603,158147596
2024-07-22,CMAX,1.6,5.19,224.375,102642121
2024-07-19,SERV,4.27,7.55,76.81498829039815,266271306
2024-07-19,XCUR,1.5195,2.6755,76.07765712405396,2804747
2024-07-17,SDST,114.1,244.7,114.46099912357582,500473
2024-07-17,CETU,5.57,9.91,77.9174147217235,1487453
2024-07-16,NAAS,42.08,74.56,77.18631178707226,1403555
2024-07-12,IVP,139.75,264.25,89.08765652951699,1671609
2024-07-12,LPA,10.33,18.41,78.2187802516941,7172167
2024-07-11,ZVZZT,12.16,32.8,169.73684210526315,888075
2024-07-11,LCFY,2.5,6.1,144.0,46201967
2024-07-10,IVP,85.5,185.0,116.37426900584795,1170441
2024-07-10,KZIA,15.0,33.41,122.73333333333332,9004863
2024-07-08,ZVZZT,25.08,91.0,262.83891547049444,93359
2024-07-05,BENF,17.92,38.72,116.07142857142854,5809710
2024-07-03,KOSS,5.25,10.63,102.4761904761905,70055497
2024-07-03,JEWL,0.236,0.4615,95.55084745762714,6584101
2024-07-02,ZVZZT,25.0,62.33,149.32,204359
2024-06-26,CMAX,1.91,3.41,78.53403141361258,13763230
2024-06-24,MLGO,3240.0,9000.0,177.77777777777777,225058
2024-06-24,CCM,5.83,11.699,100.6689536878216,211089
2024-06-20,ZXZZT,12.1,23.72,96.03305785123966,29848
2024-06-20,ALUR,30.0,65.0,116.66666666666667,2539556
2024-06-17,MBIO,19.39,37.5,93.39865910263022,22603493
2024-06-14,LRHC,47.432,93.6,97.33513240006745,507530
2024-06-13,ZAPP,0.792,2.43,206.81818181818184,54502216
2024-06-13,NXL,0.637,1.3803,116.68759811616955,8957221
2024-06-12,DDC,15.25,38.5,152.45901639344262,4226175
2024-06-12,NTEST,25.0,241.9,867.6,65200
2024-06-12,LGVN,0.8701,1.81,108.0220664291461,74815044
2024-06-11,ZVZZT,12.1,31.97,164.21487603305783,222396
2024-06-07,ZVZZT,12.1,25.02,106.77685950413223,84761
2024-06-06,ZVZZT,22.0,100.0,354.54545454545456,303071
2024-06-05,JWEL,1.1499,2.24,94.7995477867641,10939680
2024-06-04,CCM,7.901,21.0,165.78914061511202,580499
2024-06-04,MLGO,3060.0,7206.0,135.49019607843138,309673
2024-06-03,HYW,0.368,0.673,82.88043478260872,11072003
2024-06-03,ALBT,4.5165,18.45,308.5021587512454,10619324
2024-05-31,BNAI,25.6,54.4,112.49999999999997,6799439
2024-05-31,ADRT,15.0,45.0,200.0,329365
2024-05-31,ADRT.U,13.72,47.0,242.56559766763849,29549
2024-05-30,SMMT,2.85,10.92,283.1578947368421,31992340
2024-05-30,LPA,36.31,258.85,612.8890112916552,201410
2024-05-29,ONCO,572.56,1002.66,75.11876484560571,40535
2024-05-29,LOTWW,0.6499,1.43,120.03385136174794,847809
2024-05-29,LUCY,10.198,18.98,86.11492449499902,28810080
2024-05-28,AWIN,3.76,9.14,143.08510638297875,6308990
2024-05-28,SOBR,248.6,467.17,87.9203539823009,119123
2024-05-28,LPA,15.0,28.0,86.66666666666667,178742
2024-05-24,LUCY,4.662,19.66,321.70742170742176,47221619
2024-05-23,BCG,4.24,7.53,77.59433962264151,18112020
2024-05-21,MGOL,6.441,12.5,94.06924390622574,33762663
2024-05-21,BNED,28.75,54.01,87.86086956521739,2162411
2024-05-17,IPW,46.5,86.7,86.45161290322582,368492
2024-05-17,BNED,18.58,45.0,142.19590958019376,735411
2024-05-17,JFBR,79.5821,143.208,79.95001388503195,171820
2024-05-16,CRKN,1631.25,5400.0,231.0344827586207,138496
2024-05-16,FFIE,32.488,66.0,103.15193302142329,28425259
2024-05-15,ZVZZT,20.25,39.85,96.79012345679013,211707
2024-05-15,AWIN,3.3,6.28,90.30303030303031,48701916
2024-05-14,FFIE,3.988,11.408,186.05817452357073,39335919
2024-05-14,MTC,35.12,71.2,102.73348519362189,527630
2024-05-14,CTNT,52.8,102.4,93.93939393939395,3099413
2024-05-08,ZVZZT,31.0,61.82,99.41935483870968,141808
2024-05-06,NUVO,2.4,5.25,118.75,43437041
2024-05-03,ZVZZT,37.75,100.0,164.90066225165563,124347
2024-05-03,BENF,15.36,54.56,255.20833333333334,3875998
2024-05-01,RGF,3.3012,5.88,78.11704834605597,389004
2024-05-01,CSSEP,1.3,2.45,88.46153846153847,1205454
2024-05-01,ZVZZT,24.0,42.07,75.29166666666667,338045
2024-05-01,SYT,1.84,3.27,77.71739130434781,12183047
2024-04-30,CGC,8.2,14.88,81.46341463414637,83576929
2024-04-29,CSLR,0.3772,0.7302,93.58430540827148,25796069
2024-04-24,AIRE,0.6169,1.16,88.03695898849084,35418915
2024-04-24,CSSEP,0.58,1.53,163.7931034482759,2452398
2024-04-24,CSSE,0.2365,0.4253,79.83086680761102,220559509
2024-04-23,CZOO,4.78,9.02,88.70292887029287,23623880
2024-04-23,ZVZZT,25.025,63.97,155.62437562437563,159442
2024-04-23,NCI,21.75,47.5,118.39080459770115,1404586
2024-04-19,ZVZZT,17.98,32.08,78.42046718576195,303547
2024-04-19,TWG,175.5,335.7,91.28205128205128,405778
2024-04-19,CSLR,0.2571,0.45,75.02917152858811,16644794
2024-04-18,ISPC,4.38,8.42,92.23744292237444,1871804
2024-04-16,WISA,2.68,6.1,127.61194029850745,199659402
2024-04-15,KAVL,2.77,6.3,127.43682310469313,44340994
2024-04-12,TPET,5.6,10.32,84.28571428571429,17017177
2024-04-11,ZVZZT,24.93,51.22,105.45527476935419,237067
2024-04-11,MGRM,2.2899,4.07,77.73701908380282,9048310
2024-04-11,RENT,9.78,19.38,98.15950920245399,45747764
2024-04-09,MGAM,0.12,0.216,80.0,139940865
2024-04-08,ZVZZT,12.1,32.01,164.54545454545453,349805
2024-04-08,WAVE,1.38,4.2,204.34782608695653,36596005
2024-04-08,ETAO,2.41,4.34,80.0829875518672,16058944
2024-04-08,BSGM,0.66,1.24,87.87878787878786,3895340
2024-04-05,XXII,5185.35,11053.8,113.17365269461075,23391
2024-04-04,CADL,2.03,6.4,215.2709359605912,143930489
2024-04-02,ZVZZT,27.015,73.72,172.88543401813806,226519
2024-04-01,CXAIW,0.2122,0.4,88.50141376060321,3857107
2024-03-28,CERO,3240.0,6140.0,89.50617283950618,12041
2024-03-28,ZVZZT,50.0,212.26,324.52,99313
2024-03-27,CZOO,6.25,12.56,100.96000000000001,24283754
2024-03-27,TWOA,6.09,10.7,75.69786535303777,66093
2024-03-27,GCTS.WS,0.25,0.5,100.0,1747399
2024-03-27,GCTS,12.57,44.0,250.03977724741446,4294545
2024-03-22,BACK,1.4,2.48,77.14285714285715,44376551
2024-03-22,ZVZZT,17.99,59.68,231.73985547526405,126844
2024-03-20,XTLB,4.48,9.52,112.49999999999997,3831337
2024-03-18,PIXY,52.2,102.0,95.40229885057471,857004
2024-03-15,BNAI,58.5,105.6,80.51282051282051,35374
2024-03-15,AEON.WS,1.18,2.2,86.44067796610172,262736
2024-03-15,VERBW,0.005,0.18,3500.0,6019612
2024-03-12,HNRA,2.0201,4.468,121.1771694470571,13746757
2024-03-11,XPDB,11.48,29.27,154.96515679442507,799405
2024-03-11,ASLN,5.008,13.04,160.38338658146964,3164649
2024-03-11,STI,42.005,87.5,108.30853469825018,2112352
2024-03-07,ZVZZT,31.01,71.39,130.21605933569813,152340
2024-03-06,APM,3.2799,9.49,189.33808957590173,82797206
2024-03-06,SWIN,21.8,47.0,115.59633027522935,2160832
2024-03-05,ZVZZT,13.32,32.01,140.3153153153153,62572
2024-03-05,AISPW,0.18,0.330051,83.36166666666666,3103431
2024-03-04,OCEA,2.24,4.08,82.14285714285712,81860637
2024-03-04,ZVZZT,24.5,100.0,308.16326530612247,103274
2024-03-01,ZVZZT,14.54,26.8,84.31911966987622,150452
2024-02-28,COCH,1.2599,3.51,178.59353916977537,2914189
2024-02-27,SMXT,3.5,8.0,128.57142857142858,2866879
2024-02-27,SZZL,9.01,22.5,149.72253052164262,53575
2024-02-23,ATCH,74.4,158.4,112.9032258064516,94759
2024-02-20,AVGR,2.89,5.4488,88.53979238754326,463155
2024-02-20,CPOP,3.02,7.19,138.0794701986755,70694542
2024-02-16,HOLOW,0.18,0.45,150.00000000000003,2541205
2024-02-16,HOLO,26640.0,53088.0,99.27927927927928,15929
2024-02-15,SIEN,0.18,0.342,90.00000000000003,122137674
2024-02-15,TVGN,4.51,10.0,121.72949002217297,290565
2024-02-14,ENGNW,1.31,2.9,121.3740458015267,872311
2024-02-14,CETY,8.2575,16.2,96.18528610354223,2673399
2024-02-13,FBLG,7.7,13.94,81.03896103896103,1108923
2024-02-12,RNLX,0.41,1.25,204.87804878048786,52155108
2024-02-12,BOF,1.41,2.48,75.88652482269505,2863198
2024-02-09,ZVZZT,24.97,64.71,159.1509811774129,194908
2024-02-09,INBS,32.3,67.65,109.44272445820438,8909794
2024-02-08,RNLX,0.265,0.5414,104.30188679245282,4869447
2024-02-08,NSTG,0.0552,0.1162,110.5072463768116,394556402
2024-02-07,HOLO,3008.0,14400.0,378.72340425531917,242586
2024-02-07,ZVZZT,64.0,199999.99,312399.984375,438750
2024-02-06,AEY,0.3351,0.62,85.0193971948672,41125007
2024-02-06,ZVZZT,12.1,63.87,427.85123966942143,68577
2024-02-05,ZVZZT,27.89,49.98,79.20401577626389,183934
2024-01-31,IFBD,4.8,10.88,126.66666666666669,576101
2024-01-31,ZVZZT,38.44,93.19,142.42976066597294,551962
2024-01-30,MARK,0.33,1.25,278.78787878787875,238216008
2024-01-30,HAO,107.75,193.25,79.35034802784223,39219
2024-01-29,FGEN,22.86,42.75,87.00787401574803,907306
2024-01-26,CRBP,16.81,29.49,75.43129089827484,33290727
2024-01-26,SMX,1176823.5,2305502.5875,95.90895214957892,1
2024-01-23,NVVE,1152.0,2208.0,91.66666666666666,38667
2024-01-23,RVSN,3.1,6.65,114.51612903225808,107368374
2024-01-18,ZVZZT,12.1,41.08,239.50413223140492,141344
2024-01-17,MCAF,10.89,22.01,102.11202938475665,108614
2024-01-16,PHUN,7.0,21.005,200.07142857142856,32477484
2024-01-12,CRGE,0.11,0.227,106.36363636363637,461127379
2024-01-12,ZVZZT,24.0,44.59,85.79166666666667,165345
2024-01-11,SAVAW,4.19,8.0,90.93078758949879,1964514
2024-01-10,ZVZZT,18.18,126.0,593.0693069306931,235403
2024-01-08,NKTX,5.99,10.73,79.13188647746244,46117131
2024-01-08,ELEV,0.8662,1.81,108.95867005310554,47790995
2024-01-08,ZVZZT,27.74,106.34,283.34534967555885,195552
2024-01-05,ZVZZT,11.04,28.76,160.50724637681162,231762
2024-01-03,MTC,7.58,14.48,91.02902374670185,1232854
2023-12-29,SNTG,2.24,5.0,123.2142857142857,48332339
2023-12-28,SIDU,4.41,11.5,160.77097505668934,18893168
2023-12-27,ROI,0.2075,0.43,107.2289156626506,143365159
2023-12-26,BAOS,3.41,5.9828,75.44868035190615,1042955
2023-12-26,BETS,5.3,11.0,107.54716981132076,2424446
2023-12-22,ZJYL,3.472,6.8515,97.33582949308756,2493380
2023-12-21,ZVZZT,12.1,41.06,239.33884297520663,108216
2023-12-21,LTRY,1.25,3.67,193.6,12139145
2023-12-21,MULN,4800000.0,8550000.0,78.125,41
2023-12-20,POL,2.24,7.61,239.73214285714283,131247321
2023-12-18,ZJYL,1.45,5.0935,251.2758620689655,15677300
2023-12-18,IVVD,2.02,3.59,77.72277227722772,69246691
2023-12-15,ICCT,19.2,34.0,77.08333333333334,1124832
2023-12-15,ZVZZT,17.99,39.66,120.45580878265703,176641
2023-12-14,ALRN,2.52,5.37,113.09523809523809,2531377
2023-12-13,AVTX,8.04,14.16,76.11940298507464,1158242
2023-12-12,ZVZZT,12.11,31.92,163.58381502890177,90812
2023-12-06,ZVZZT,12.11,23.0,89.92568125516102,171713
2023-12-06,MLGO,24780.0,57480.0,131.96125907990316,13186
2023-12-01,GSIW,4.45,10.2,129.2134831460674,5061648
2023-11-30,IXHL,3.9,7.99,104.87179487179488,534253
2023-11-30,SNGX,8.8,15.6832,78.2181818181818,6166509
2023-11-30,AMPE,2.81,5.76,104.98220640569393,19441916
2023-11-29,CYTO,4.206,12.89,206.46695197337138,6945977
2023-11-29,VVOS,11.93,41.0,243.67141659681474,46841754
2023-11-29,PACI,13.95,32.01,129.46236559139786,173479
2023-11-28,ZVZZT,12.18,59.36,387.35632183908046,33419
2023-11-28,RDHL,29.5,57.0,93.22033898305084,6202101
2023-11-27,ASST,1.8595,3.3055,77.76283947297661,11290013
2023-11-27,ZVZZT,33.9,126.0,271.6814159292035,54826
2023-11-22,IMPL,0.3356,0.779,132.12157330154946,27136102
2023-11-21,UPH,0.4,0.7918,97.94999999999999,8913465
2023-11-17,CYTO,3.11,5.6,80.06430868167203,16486219
2023-11-16,SGD,9.142,57.714,531.3060599431197,791841
2023-11-16,SGBX,512.0,935.424,82.69999999999999,32288
2023-11-16,ZVZZT,26.0,186.84,618.6153846153846,400708
2023-11-16,ATGL,12.99,29.83,129.63818321785988,2722739
2023-11-13,TENX,25.008,49.6,98.33653230966092,3931746
2023-11-08,KRRO,23.3,41.4,77.6824034334764,346850
2023-11-08,ZVZZT,31.41,127191.8,404840.464820121,186697
2023-11-08,PRSO,6.8,12.92,90.0,2499373
2023-11-07,CDIO,21.6,41.4,91.66666666666666,4947416
2023-11-06,LIFW,80.0,241.25,201.5625,2561901
2023-11-06,ZVZZT,41.0,92.5,125.60975609756098,250088
2023-11-01,ZVZZT,12.13,26.75,120.52761747732892,300254
2023-10-26,FRBNU,12.44,25.07,101.52733118971062,38395
2023-10-24,FRBN,10.38,18.2,75.33718689788051,196965
2023-10-23,AIRE,23.01,406.67,1667.362016514559,32239
2023-10-18,FBYDP,8.0066,19.0,137.30422401518746,155386
2023-10-17,NKTX,1.47,3.14,113.60544217687077,90761010
2023-10-16,MTC,4.4,7.76,76.36363636363635,2507256
2023-10-16,ZVZZT,90.0,295.1,227.88888888888889,504225
2023-10-13,ZVZZT,23.12,100.0,332.5259515570934,308491
2023-10-11,TPST,27.69,127.01,358.6854460093897,13309995
2023-10-11,ZVZZT,100.16,443.39,342.68170926517575,509114
2023-10-11,MTNB,13.505,32.05,137.319511292114,7412926
2023-10-09,HUBC,30.0,67.05,123.49999999999999,2847357
2023-10-09,ZVZZT,23.0,65.22,183.56521739130434,88712
2023-10-05,MSS,4.0,8.96,124.00000000000003,9312935
2023-10-05,ZVZZT,24.85,50.58,103.54124748490945,141717
2023-10-02,PIXY,283.104,550.8,94.55747711088503,201752
2023-09-27,ZVZZT,46.13,99.71,116.15001083893341,482497
2023-09-26,ZVZZT,25.06,51.26,104.54908220271348,221244
2023-09-25,VACC,1.64,3.16,92.68292682926831,39485367
2023-09-25,RNAZ,48417.6,94248.0,94.65648854961832,2626
2023-09-22,ZVZZT,14.4,28.81,100.06944444444443,406947
2023-09-20,ZVZZT,24.86,259.54,944.0064360418344,360384
2023-09-20,DTOC,14.02,25.97,85.23537803138373,4622371
2023-09-19,BRDS,0.685,1.43,108.7591240875912,22098372
2023-09-19,ZVZZT,24.77,75.93,206.54016955995158,261718
2023-09-18,DTOC,10.7533,29.0,169.68465494313375,614457
2023-09-18,CCGWW,0.09,0.5499,511.0000000000001,2180386
2023-09-18,ZVZZT,39.9,592.02,1383.7593984962407,218115
2023-09-18,CCG,11.47,75.0,553.8796861377507,518121
2023-09-15,ZVZZT,12.12,39.92,229.37293729372942,209001
2023-09-15,LIFW,66.875,117.5,75.70093457943925,1125730
2023-09-14,ZVZZT,24.79,717.09,2792.658329971763,292495
2023-09-13,ZVZZT,34.28,393.97,1049.2707117852976,213476
2023-09-12,ZVZZT,14.89,34.28,130.2216252518469,381784
2023-09-12,AXLA,15.015,28.5,89.8101898101898,4529052
2023-09-12,WE,3.06,5.74,87.58169934640523,61548378
2023-09-08,ZVZZT,12.11,30.85,154.74814203137905,273898
2023-09-07,KXIN,4779.0,9180.0,92.09039548022598,952
2023-09-06,NBSE,1.33,2.38,78.94736842105262,106711132
2023-09-05,VERB,234.0,640.0,173.5042735042735,525675
2023-09-01,UPTD,8.37,21.25,153.8829151732378,4095156
2023-09-01,UPTDU,10.21,22.51,120.47012732615083,54643
2023-08-31,ADTX,10949700.0,62150000.0,467.5954592363262,1
2023-08-31,FLAG,5.24,9.18,75.19083969465647,1156026
2023-08-31,FLGC,82.29,149.37,81.5165876777251,26730
2023-08-30,BBAI.WS,0.235,0.447501,90.42595744680851,2594579
2023-08-29,ICCT,40.0,112.8,181.99999999999997,2234560
2023-08-28,ZVZZT,25.0,49.98,99.91999999999999,144484
2023-08-25,VFSWW,1.37,2.5539,86.41605839416057,4957908
2023-08-24,ELIQ,1.48,2.99,102.02702702702705,46524293
2023-08-23,MULN,26160000.0,48000000.0,83.4862385321101,3
2023-08-23,ZVZZT,11.2,25.35,126.33928571428574,304727
2023-08-22,VFS,19.0,36.72,93.26315789473684,19413728
2023-08-22,ZVZZT,12.12,30.07,148.10231023102313,196889
2023-08-21,SOS,67.95,134.25,97.57174392935981,404855
2023-08-18,ZVZZT,40.0,221.44,453.59999999999997,215517
2023-08-17,ZVZZT,28.87,153.59,432.0055420852095,223690
2023-08-16,ZVZZT,12.12,32.01,164.10891089108912,111305
2023-08-16,DBGI,547.375,975.0,78.12285910025119,10011
2023-08-15,ZVZZT,24.57,48.1,95.76719576719577,248725
2023-08-15,SPGC,1320.0,8691.0,558.4090909090909,27150
2023-08-11,MIMO,0.1585,0.282,77.9179810725552,94098394
2023-08-10,ZVZZT,12.12,24.0,98.01980198019803,138390
2023-08-09,ZVZZT,18.0,59.2,228.8888888888889,219134
2023-08-08,BRSH,3.1078,7.7,147.7636913572302,10510952
2023-08-07,ZVZZT,25.6,67.03,161.83593749999997,177425
2023-08-03,ZVZZT,18.03,69.77,286.9661674986134,215511
2023-08-02,LTRY,4.48,8.2,83.03571428571426,3030237
2023-08-01,MSGM,3.75,6.6,75.99999999999999,16409381
2023-08-01,CTNT,60.0,110.4,84.00000000000001,388620
2023-08-01,YELL,1.72,3.9,126.74418604651162,221766627
2023-08-01,ADMP,1.53,3.99,160.7843137254902,20503168
2023-07-31,YELL,0.82,1.76,114.63414634146343,150492904
2023-07-31,ZVZZT,24.07,73.63,205.89945990859988,177172
2023-07-31,SNMP,0.52,7.65,1371.1538461538464,2050288
2023-07-28,AURC,20.22,44.05,117.85361028684471,3091901
2023-07-27,GBNH,0.2454,0.495,101.7114914425428,28629374
2023-07-27,URGN,9.32,17.89,91.95278969957081,9466033
2023-07-26,MNK,0.4738,1.26,165.93499366821445,53088528
2023-07-25,AURC,14.9,33.53,125.03355704697987,8607867
2023-07-17,PMN,81.5,154.75,89.87730061349694,559040
2023-07-17,ZVZZT,12.13,29.28,141.38499587798842,62948
2023-07-14,ZVZZT,31.79,100.0,214.56432840515888,324908
2023-07-13,EDTXU,19.21,39.0,103.0192608016658,18349
2023-07-13,EDTX,14.26,43.23,203.15568022440394,2212201
2023-07-13,GGAAU,13.0,25.0,92.3076923076923,20821
2023-07-13,GGAA,12.0,21.57,79.75,2138539
2023-07-12,PTPI,48.25,94.75,96.37305699481865,726266
2023-07-12,NFTG,0.6915,1.34,93.78163412870573,13837737
2023-07-12,ZVZZT,12.05,25.01,107.55186721991701,192532
2023-07-11,PRFX,99.36,396.0,298.5507246376811,457246
2023-07-11,ADIL,5.4825,9.625,75.55859553123575,5118899
2023-07-10,ZVZZT,12.1,27.17,124.54545454545456,181306
2023-07-07,TDW.WS.A,0.7383,2.67,261.6416091019911,222551
2023-07-07,PWM,10.45,19.09,82.67942583732058,30211491
2023-07-06,EDTX,11.75,22.95,95.31914893617021,2808758
2023-07-03,ZVZZT,13.46,32.37,140.49034175334322,106243
2023-07-03,VINE,0.23,0.58,152.17391304347825,121003803
2023-06-30,BXRX,0.64,1.17,82.81249999999999,113893408
2023-06-28,ZVZZT,25.02,62.89,151.35891286970426,85411
2023-06-27,RIDE,1.15,2.29,99.13043478260872,22744349
2023-06-21,ZVZZT,20.62,110.54,436.08147429679923,787077
2023-06-20,VCIG,111720.0,213150.0,90.78947368421053,4019
2023-06-16,WORX,5.07,9.9,95.26627218934911,6324269
2023-06-14,DATS,4.013,8.201,104.3608273112385,396754
2023-06-12,AUUD,283.7725,518.5,82.71678897708553,346974
2023-06-09,AHI,2.4944,8.72,249.5830660679923,32702618
2023-06-07,MGOL,12.9,23.1,79.06976744186048,3411965
2023-06-06,ZVZZT,12.1,88.84,634.214876033058,306592
2023-05-31,SDA,18.61,43.05,131.32724341751745,6716367
2023-05-30,ZXZZT,12.1,23.7,95.86776859504133,40969
2023-05-26,VSTM,6.0528,12.12,100.2379064234734,7006346
2023-05-25,WLDS,56.8,112.8,98.59154929577466,1407576
2023-05-25,ZVZZT,11.88,41.03,245.37037037037032,174220
2023-05-24,MEOA,12.42,26.54,113.68760064412238,1250518
2023-05-24,QSG,9.0,19.0,111.11111111111111,1169898
2023-05-24,MEOAU,12.45,31.34,151.7269076305221,17545
2023-05-22,QBTS,0.504,1.02,102.38095238095238,46978925
2023-05-19,MNK,1.64,6.3,284.1463414634147,75853237
2023-05-18,ZVZZT,23.0,59.52,158.7826086956522,439980
2023-05-17,ZVZZT,22.5,44.9,99.55555555555556,112077
2023-05-16,XELA,2.95,6.28,112.88135593220339,54838888
2023-05-16,ZVZZT,12.12,22.52,85.80858085808582,94159
2023-05-15,ELOX,3.54,10.9,207.909604519774,10886255
2023-05-12,GSIT,1.74,5.09,192.5287356321839,104612025
2023-05-10,HCDI,4.75,8.59,80.84210526315789,17668055
2023-05-09,ZVZZT,15.5,683.61,4310.387096774193,195323
2023-05-09,SFWL,4.39,8.8,100.45558086560366,19633059
2023-05-08,TRVN,19.4225,77.75,300.3089200669327,4433277
2023-05-08,OMH,63.1,259.8,311.7274167987322,128645
2023-05-05,ZVZZT,11.0,20.78,88.90909090909092,785120
2023-05-04,ZVZZT,10.0,19.72,97.19999999999999,210701
2023-05-03,HCDI,4.18,7.61,82.05741626794261,4012886
2023-05-03,ZVZZT,18.33,103.29,463.50245499181676,470848
2023-05-03,ACGN,1.7492,3.11,77.79556368625656,16022375
2023-05-02,VCIG,77322.0,500094.0,546.768060836502,104
2023-05-02,MINM,2.0,4.9,145.00000000000003,25326270
2023-05-02,ASNS,29.3,65.1,122.18430034129693,227126
2023-05-01,UTME,0.714,2.2,208.12324929971996,9397200
2023-05-01,BAOS,4.45,16.0,259.5505617977528,2179848
2023-05-01,LEJU,1.75,3.56,103.42857142857143,5764706
2023-05-01,TANH,82.4,172.4,109.22330097087378,126807
2023-05-01,BHAT,56.0,104.0,85.71428571428571,15231
2023-05-01,GDC,4.0,31.0,675.0,12364205
2023-05-01,IDEX,3.2,6.0625,89.45312499999999,5679205
2023-04-28,HUDI,3.465,13.18,280.3751803751804,52493096
2023-04-28,DXF,2.1,3.699,76.14285714285712,9227879
2023-04-27,TOP,7.17,20.0,178.94002789400278,34109568
2023-04-26,ELEV,1.68,3.03,80.35714285714285,13437811
2023-04-24,NCPL,60.515,106.393,75.81260844418739,87307
2023-04-21,SFR,0.4999,1.5,200.0600120024005,12296856
2023-04-20,UCAR,810.0,4318.0,433.0864197530865,35191
2023-04-18,OBLG,76.0,138.0,81.57894736842105,86737
2023-04-17,BLCM,0.281,0.57,102.84697508896794,50313257
2023-04-14,NIR,3.21,5.97,85.98130841121495,6186889
2023-04-14,ZVZZT,12.1,25.025,106.81818181818181,369930
2023-04-14,PTPI,45.5,114.75,152.1978021978022,3087968
2023-04-14,CNSP,21000.0,70500.0,235.71428571428572,1669
2023-04-13,INPX,32.0,72.0,125.0,634726
2023-04-13,CXAI,2.75,7.13,159.27272727272728,163777432
2023-04-13,ZVZZT,12.1,23.6,95.04132231404961,177727
2023-04-12,IDAI,28.65,57.3,100.0,215133
2023-04-12,GFAI,17.12,31.12,81.77570093457943,23909813
2023-04-10,GCTK,9300.0,19200.0,106.4516129032258,13018
2023-04-06,GCTK,2329.8,7140.0,206.4640741694566,4712
2023-04-05,JWEL,2.88,6.704,132.77777777777777,5724488
2023-04-04,IFRX,2.03,3.77,85.71428571428574,17836076
2023-04-04,KAL,1.48,2.69,81.75675675675676,4247716
2023-04-03,MWG,3.05,8.87,190.8196721311475,4401191
2023-04-03,GFAI,8.21,19.22,134.10475030450667,38079778
2023-04-03,NOGN,2.73,6.51,138.46153846153845,10208856
2023-03-27,WISA,1.93,3.6,86.52849740932643,48014950
2023-03-24,GBNH,0.525,1.03,96.19047619047618,9894857
2023-03-23,DHHC,10.69,18.92,76.98783910196447,2856778
2023-03-23,NOTE,16.2,28.56,76.29629629629629,3061456
2023-03-22,ZURA,7.16,30.0,318.99441340782124,4237373
2023-03-20,LYLT,0.1201,0.218,81.51540383014155,207871397
2023-03-20,AMBI,7.8,14.12,81.02564102564102,8383749
2023-03-17,LOCL,4.55,9.62,111.42857142857142,123043
2023-03-17,WEJO,0.4273,0.75,75.52071144395039,1660955
2023-03-16,CRBP,2.83,5.75,103.18021201413427,8088386
2023-03-14,AMBI,5.37,12.25,128.11918063314712,6529182
2023-03-13,WAL,12.89,26.12,102.63770364623738,60549852
2023-03-06,SFR,1.21,3.06,152.89256198347107,9700059
2023-03-06,AMAM,6.43,12.54,95.02332814930014,50270802
2023-03-06,BLPH,1.85,3.51,89.72972972972971,34546332
2023-03-01,HPX.U,10.5,25.8,145.71428571428572,33386
2023-03-01,HPX,9.9422,27.07,172.27374223008994,1431196
2023-03-01,ZVZZT,24.99,88.69,254.90196078431376,280286
2023-03-01,CDIO,102.0,198.0,94.11764705882352,1728670
2023-02-28,LION,7.05,14.6,107.0921985815603,739802
2023-02-28,LHDX,0.45,0.93,106.66666666666667,228479141
2023-02-24,ZVZZT,11.5,25.0,117.3913043478261,188703
2023-02-22,ECX,3.67,6.66,81.47138964577657,3631136
2023-02-22,LUNR,37.95,81.99,116.0474308300395,4151799
2023-02-16,LUNR,15.32,44.77,192.2323759791123,3590823
2023-02-09,HPCO,13.5,44.0,225.9259259259259,13491378
2023-02-08,AVRO,10.44,20.28,94.25287356321842,3374916
2023-02-07,LIXT,8.0,18.9,136.24999999999997,5020746
2023-02-06,BBBY,2.8273,5.3273,88.42358433841474,303697805
2023-02-03,GFAI,9.948,17.6,76.91998391636511,1165318
2023-02-03,BBAI.WS,0.3,0.55,83.33333333333336,1523505
2023-02-02,VINO,130.0,540.0,315.38461538461536,398424
2023-02-01,GSUN,14.9,34.3,130.2013422818792,4816613
2023-01-31,MGAM,0.988,2.58,161.1336032388664,76174494
2023-01-31,MSGM,7.42,21.4,188.4097035040431,50154391
2023-01-30,HSCS,115.0,235.0,104.34782608695652,773578
2023-01-24,GMBL,3484.0,6320.0,81.40068886337542,7884
2023-01-19,GNS,8.5,20.9,145.88235294117646,26965961
2023-01-12,BKKT,36.25,69.5,91.72413793103448,1005822
2023-01-11,AMV,2.67,10.08,277.5280898876405,40935557
2023-01-10,PRTY,0.2144,0.4515,110.58768656716418,157894650
2023-01-10,BIOR,24.1,54.0,124.06639004149376,5563016
2023-01-06,MLEC,43.6,192.5,341.5137614678899,295412
2023-01-06,MDVL,15.5,27.75,79.03225806451613,92924
2023-01-06,SWVL,3.8325,7.5,95.69471624266144,6034565
2023-01-05,HKD,16.9599,29.95,76.59302236451865,40151603
2023-01-03,JSPR,15.0,27.4,82.66666666666666,6369842
2023-01-03,LHDX,0.141,0.6,325.531914893617,196580180
2022-12-30,SOUN,1.01,1.77,75.24752475247524,6816917
2022-12-30,ATNF,34.39,64.41,87.292817679558,2138134
2022-12-29,PALI,27.45,48.3,75.95628415300546,895954
2022-12-29,SATX,4.36,7.73,77.29357798165137,2314319
2022-12-28,KALA,6.26,12.48,99.36102236421726,51896730
2022-12-27,LJAQ,9.95,19.0,90.95477386934675,443109
2022-12-27,QTNT,0.1961,0.37,88.67924528301887,30341656
2022-12-22,EJH,192500.0,337500.0,75.32467532467533,32
2022-12-19,AXLA,5.375,10.75,100.0,1263005
2022-12-16,NH,1.72,5.7,231.39534883720933,2975977
2022-12-16,COSM,3.85,23.01,497.6623376623377,120031658
2022-12-14,ICVX,4.25,8.92,109.88235294117648,5372488
2022-12-12,HCTI,423.3,881.46,108.23529411764706,34230
2022-12-12,GAME,2.1744,4.24,94.99632082413541,960799
2022-12-12,LSPR,10.0,22.5,125.0,122046
2022-12-12,CJJD,80.0,142.2,77.74999999999999,730406
2022-12-09,AMAM,1.17,4.54,288.0341880341881,123794140
2022-12-09,HTGM,3.0,6.48,116.00000000000001,3786482
2022-12-08,PHVS,4.19,11.46,173.50835322195704,80834076
2022-12-06,SMMT,1.32,2.31,75.0,156896148
2022-12-06,WBEV,0.12,0.3499,191.58333333333331,4277802
2022-11-28,NAOV,594.0,1392.38,134.40740740740742,13674
2022-11-18,GRND,16.9,36.5,115.97633136094676,2716758
2022-11-17,SATX,25.21,51.7,105.0773502578342,1950935
2022-11-15,SATX,14.15,31.8,124.73498233215545,1606949
2022-11-04,HUDI,79.98,180.0,125.05626406601648,1214971
2022-11-03,HUDI,35.22,105.72,200.17035775127766,2705504
2022-10-28,QNGY,1.84,3.3,79.3478260869565,106556460
2022-10-27,SLNA,9.75,40.9,319.48717948717945,735859
2022-10-26,EPIX,2.05,4.82,135.12195121951223,118153984
2022-10-25,DUO,163.8,302.4,84.6153846153846,48064
2022-10-21,HUDI,31.01,58.92,90.00322476620445,225210
2022-10-19,AMPX.WS,0.25,0.5001,100.03999999999999,1222926
2022-10-17,ACOR,10.0,17.94,79.40000000000002,6521069
2022-10-13,NUTX,81.84,143.265,75.05498533724338,289615
2022-10-12,PT,0.35,0.9058,158.80000000000004,8918838
2022-10-10,APDN,1210.0,2120.0,75.20661157024794,80920
2022-10-06,NVIV,4.25,7.98,87.76470588235296,1555095
2022-10-06,AMV,12.5,24.49,95.91999999999999,5733608
2022-10-05,CNTQ,10.91,21.54,97.43354720439962,896495
2022-10-04,SNTI,26.2,51.4,96.18320610687023,6821269
2022-10-03,OBLG,84.0,240.0,185.71428571428572,39086
2022-09-30,FNGR,1.82,3.37,85.16483516483517,31728849
2022-09-28,PEPG,6.08,10.93,79.76973684210526,9989091
2022-09-27,AMV,30.11,82.12,172.73331119229493,49180
2022-09-23,GSUN,272.5,528.9,94.09174311926604,137894
2022-09-22,ATXI,241.875,495.0,104.65116279069768,43372
2022-09-21,MOHO,0.088,0.1744,98.18181818181819,105490349
2022-09-20,AMPX,5.7,11.0,92.98245614035086,28643907
2022-09-20,SOBR,1012.0,3333.0,229.34782608695653,20316
2022-09-19,ZVZZT,11.0,19.96,81.45454545454545,250072
2022-09-14,HKD,46.01,189.42,311.6931101934362,1609383
2022-09-06,SHPH,2432.0,5700.0,134.375,91217
2022-08-31,ATXG,270.0,6565.4,2331.6296296296296,51610
2022-08-29,AVCT,2.505,5.625,124.55089820359282,23343671
2022-08-29,SNTG,2.65,5.0,88.67924528301887,7471122
2022-08-19,GCT,26.64,48.01,80.2177177177177,36268820
2022-08-18,DRUG,5.9,10.85,83.89830508474574,23980566
2022-08-17,BWV,3.5,7.64,118.28571428571428,154074081
2022-08-15,INKT,17.9,34.0,89.9441340782123,2080967
2022-08-15,MEGL,39.16,70.92,81.10316649642493,19276081
2022-08-15,LTRPB,26.9,56.28,109.2193308550186,651336
2022-08-12,EMBK,11.6,21.4,84.48275862068965,8466714
2022-08-11,DMS,17.4,31.65,81.89655172413794,1907302
2022-08-11,TGL,468300.0,1247400.0,166.3677130044843,352
2022-08-10,NVTA,2.56,8.63,237.109375,232221402
2022-08-09,FAZEW,1.0,1.8,80.0,2089909
2022-08-08,TOP,10.52,20.57,95.53231939163499,5441108
2022-08-05,MEGL,200.0,388.0,94.0,166103
2022-08-04,IONM,403.164,756.0,87.51674256630056,7830
2022-08-03,QNRX,1818.6,8316.0,357.27482678983836,69473
2022-08-03,KSPN,2.48,6.2,150.0,58879651
2022-08-03,MOHO,0.2059,0.4085,98.39728023312287,90871281
2022-08-03,ENVB,1170.0,2358.0,101.53846153846153,33936
2022-08-03,HSCS,179.0,328.0,83.24022346368714,283595
2022-08-02,APDN,1330.0,2800.0,110.5263157894737,117166
2022-08-02,MDJH,1.78,3.4207,92.17415730337079,1710326
2022-08-02,MTC,13.2128,62.8,375.29668200532814,1638685
2022-08-02,HKD,930.0,1679.0,80.53763440860216,351203
2022-08-01,REV,4.4,8.49,92.95454545454544,56158527
2022-08-01,LTRPB,17.55,48.03,173.67521367521368,441110
2022-08-01,HKD,335.5,742.0,121.16244411326377,443772
2022-08-01,OTRK,63.558,121.5,91.16397621070517,576445
2022-08-01,QRTEB,4.37,18.23,317.16247139588097,14753863
2022-07-29,MGAM,4.5,11.19,148.66666666666666,15268866
2022-07-29,HKD,163.4,400.25,144.95104039167686,1456196
2022-07-29,BCAC,10.07,22.71,125.52135054617676,586499
2022-07-28,HKD,71.03,180.0,153.4140504012389,2426273
2022-07-25,RDBX,3.09,5.55,79.6116504854369,108602283
2022-07-22,PGY,62.28,140.52,125.62620423892102,5532440
2022-07-22,HKD,19.71,68.0,245.0025367833587,2419227
2022-07-22,AMTD,6.42,13.2,105.60747663551402,1854789
2022-07-20,PGY,33.0,74.4,125.45454545454547,3196372
2022-07-14,GRRR,149.5,334.3,123.61204013377926,27925
2022-07-13,THWWW,1.54,2.8,81.8181818181818,1857248
2022-07-12,SMED,2.84,8.44,197.1830985915493,5191693
2022-07-11,KSPN,2.51,6.81,171.31474103585657,45798725
2022-07-06,USEA,0.8,2.9,262.49999999999994,247985
2022-07-05,ENJY,0.175,0.31,77.14285714285715,35900900
2022-06-23,BHAT,128.0,273.0,113.28125,2137982
2022-06-16,ADNWW,0.3876,0.6999,80.57275541795664,2134449
2022-06-14,CMRA,1.182,2.65,124.19627749576989,69171720
2022-06-10,RDBXW,0.93,2.2,136.55913978494624,8860102
2022-06-09,PBTS,92.736,268.8,189.85507246376812,1153484
2022-06-09,NXTP,3.79,7.006,84.85488126649076,2911670
2022-06-08,HTCR,1.19,2.19,84.03361344537815,119066637
2022-06-08,IGC,0.445,0.82,84.2696629213483,13481646
2022-06-08,SYM,10.54,20.07,90.41745730550286,2144822
2022-06-07,AUVI,132.5,272.5,105.66037735849056,154790
2022-06-07,AERC,4.3,12.1,181.39534883720933,121238552
2022-06-06,AERC,2.48,4.75,91.53225806451613,71758919
2022-05-25,VGFC,0.1622,0.295,81.87422934648579,134069919
2022-05-25,BKSY.WS,0.1403,0.39,177.97576621525303,3289725
2022-05-25,BKSY,9.6,18.64,94.16666666666667,19075854
2022-05-18,BGXX,23.73,48.08,102.61272650653181,3221052
2022-05-13,PIXY,7920.0,18360.0,131.8181818181818,5015
2022-05-11,AFI,0.1786,0.49,174.35610302351623,151270941
2022-05-04,CETXP,0.8209,1.6416,99.97563649652821,1567911
2022-05-03,BWV,3.38,6.45,90.82840236686391,35324161
2022-05-02,CETXP,0.4458,1.0447,134.34275459847467,707210
2022-04-29,VAXX,3.76,6.945,84.70744680851065,33570521
2022-04-27,OST,2525.0,9915.0,292.6732673267327,8585
2022-04-27,ZJZZT,20.0,67.65,238.25000000000003,134400
2022-04-13,BFRIW,1.24,2.18,75.80645161290323,658931
2022-04-12,GNS,151.1,305.0,101.85307743216414,119637
2022-04-11,VERU,59.9,122.8,105.00834724540901,35143155
2022-04-08,PHIO,95.04,253.8,167.04545454545453,1120146
2022-04-04,NUTX,1567.5,6000.0,282.7751196172249,3815
2022-03-31,THCAW,0.2299,0.5137,123.44497607655505,1941412
2022-03-30,FRGE,319.35,564.6,76.79661813057773,638242
2022-03-25,CLVR,60.15,115.2,91.5211970074813,4362759
2022-03-22,LLL,2.0,4.39,119.49999999999999,92218784
2022-03-21,NRSN,2.18,6.23,185.7798165137615,166244648
2022-03-21,NRSNW,0.349899,1.15,228.66627226713993,2456487
2022-03-18,BEST,11.0,20.0,81.81818181818183,554445
2022-03-15,SONM,113.382,219.6,93.68153675186535,502149
2022-03-10,HYMC,8.09,15.0,85.41409147095179,22096594
2022-03-08,KALA,32.4675,57.4426,76.92338492338492,592004
2022-03-07,HUSA,32.8,113.0,244.51219512195124,19976422
2022-03-04,INDO,22.19,40.77,83.73141054529067,66369801
2022-03-04,BCEL,1.68,5.2,209.52380952380958,65376631
2022-03-04,MXC,14.06,24.94,77.38264580369844,7355018
2022-02-24,CYRN,2.02,4.75,135.14851485148515,26376786
2022-02-17,ISPOW,0.877,2.47,181.64196123147093,27380222
2022-02-17,ISPO,283.8,1853.0,552.92459478506,633303
2022-02-17,CPTNW,0.435,0.84,93.10344827586206,3962273
2022-02-17,ANGH,109.6,288.8,163.5036496350365,2039891
2022-02-17,CPTN,94.7,420.0,343.50580781415,44535
2022-02-15,CSCW,0.461,0.8881,92.646420824295,10166376
2022-02-11,MDV,25.0,68.0,172.0,46712
2022-02-07,NVCT,3.45,7.95,130.43478260869566,43338702
2022-01-28,DAVEW,0.5401,1.0,85.1508979818552,538781
2022-01-28,KSCP,353.5,814.5,130.4101838755304,578241
2022-01-27,INDO,3.1,5.89,89.99999999999999,53152744
2022-01-14,SBEV,79.2,167.2,111.1111111111111,1619473
2022-01-07,HOUR,4.5,7.99,77.55555555555556,50186513
2022-01-04,RELIW,1.55,2.95,90.3225806451613,1137587
2022-01-04,AACG,1.25,2.55,103.99999999999999,14934689
2022-01-03,BCSA,4.09,9.85,140.8312958435208,101499
2022-01-03,RELIW,0.9611,1.86,93.52824888148999,810100
2022-01-03,GNPX,3020.0,7000.0,131.78807947019868,124276
2021-12-31,AGE,21.102,38.3353,81.66666666666664,510523
2021-12-31,NTRBW,2.04,3.6001,76.47549019607843,3110887
2021-12-29,MFIN,3.5,6.67,90.57142857142857,13768984
2021-12-20,SOPA,67.65,168.9,149.66740576496673,11213803
2021-12-17,SPRB,215.25,377.25,75.26132404181185,1522726
2021-12-16,ADGI,6.33,14.18,124.0126382306477,195361433
2021-12-13,SEAC,15.27,34.4,125.27832351015063,4037457
2021-12-10,SGMA,8.16,14.94,83.08823529411764,56389014
2021-12-08,BKKT.WS,3.55,6.57,85.07042253521129,1117638
2021-12-07,ENSC,4968.0,11484.0,131.15942028985506,40900
2021-12-06,IMPP,6.0,112.5,1775.0,15995
2021-12-06,ISIG,6.6,15.05,128.03030303030306,84523423
2021-11-26,NRXPW,1.71,3.1,81.28654970760235,1505175
2021-11-24,AERC,40.0,78.94,97.35,946988
2021-11-24,LGVN,181.297,423.0,133.3188083641759,9995222
2021-11-23,VLON,122.4,219.0,78.92156862745098,916610
2021-11-23,APVO,5573620.8,9980942.4,79.07465825446899,280
2021-11-22,LGVN,87.1,282.0,223.76578645235364,12866443
2021-11-19,AUROW,3.0,5.65,88.33333333333334,3962258
2021-11-18,LGVN,37.2,68.7,84.6774193548387,27850076
2021-11-17,SEV,20.06,38.2,90.42871385842474,54383124
2021-11-16,IONQ.WS,8.17,14.43,76.6217870257038,1790414
2021-11-11,NUZE,70.35,185.15,163.18407960199008,3132732
2021-11-09,SOPA,232.5,724.5,211.61290322580646,226945
2021-11-03,FATBB,7.74,15.44,99.48320413436691,9225024
2021-11-02,CAR,174.3,357.17,104.91681009753297,30496237
2021-10-29,BKKT.WS,8.44,17.67,109.36018957345975,3619875
2021-10-29,BFRIW,0.71,1.29,81.69014084507043,428376
2021-10-28,MPACW,0.4696,1.2199,159.77427597955707,1242134
2021-10-27,SYTA,1451520.0,2671200.0,84.02777777777779,291
2021-10-27,IRNT.WS,2.95,6.58,123.05084745762711,2768417
2021-10-26,IINNW,0.8,2.85,256.24999999999994,6254406
2021-10-26,BIMI,33.0,110.5,234.84848484848487,4315888
2021-10-26,IINN,2.35,9.59,308.0851063829787,172909487
2021-10-25,REDU,4.2,7.45,77.38095238095238,9939694
2021-10-25,BKKT.WS,3.4,10.48,208.23529411764707,16621270
2021-10-25,BKKT,346.5,765.0,120.7792207792208,8476148
2021-10-22,MARK,9.1,21.7,138.46153846153845,19848294
2021-10-22,BENEW,0.8,1.86,132.5,29991511
2021-10-21,DWACU,14.42,49.08,240.36061026352286,11362086
2021-10-21,DWACW,3.162,11.29,257.05249841872234,94109829
2021-10-21,DWAC,12.73,45.5,257.42340926944223,498782521
2021-10-20,HX,10.1408,18.87,86.07999368886084,58662335
2021-10-12,PONO,5.36,10.0,86.56716417910447,202146
2021-09-29,GROM,1074.0,2052.0,91.06145251396647,84026
2021-09-13,TMCWW,1.11,2.1,89.18918918918918,2494282
2021-09-08,EFTR,292.5,679.25,132.22222222222223,1444844
2021-09-08,HLBZ,369.0,650.5,76.28726287262873,27266
2021-09-01,FCUV,41.4667,128.5333,209.96751610328283,6109860
2021-08-30,RNXT,7.36,16.02,117.66304347826086,26497626
2021-08-20,RGC,0.1579,0.5042,219.31602279924,391347522
2021-08-17,VRPX,1652.5,3837.5,132.22390317700453,659756
2021-08-17,ALFIW,3.2,6.0,87.49999999999999,165178
2021-08-03,CXDC,0.37,0.93,151.35135135135135,45742830
2021-07-29,XBIO,30.2,53.0,75.49668874172187,6320275
2021-07-26,BTBT,4.8816,8.87,81.70272041953457,209773867
2021-07-23,NAOV,1606.0,5742.0,257.5342465753425,60616
2021-07-22,IPA,6.83,13.22,93.55783308931187,121748108
2021-07-20,NURO,32.24,80.32,149.13151364764263,35253479
2021-07-13,AHPI,3.91,9.06,131.7135549872123,211616885
2021-07-12,LCAPW,1.02,2.2303,118.65686274509805,7759525
2021-07-12,MDIA,4.2,17.0,304.76190476190476,87468558
2021-07-09,SGOC,2.4071,9.79,306.7134726434299,125285914
2021-07-08,MITQ,12.0,24.0,100.0,2567931
2021-07-08,GGPIW,1.35,2.75,103.7037037037037,3279158
2021-07-08,NVFY,17.45,32.5,86.24641833810888,3193805
2021-07-07,NEGG,573.6,1351.4,135.59972105997213,3809358
2021-06-30,NEGG,217.0,387.6,78.61751152073734,606282
2021-06-30,CPOP,122.6,303.0,147.14518760195762,357836
2021-06-29,CEREW,8.9,18.0,102.24719101123594,1804817
2021-06-29,PBTS,369.6,686.4,85.7142857142857,169983
2021-06-29,BSQR,4.16,8.04,93.26923076923073,240690997
2021-06-29,MRIN,55.98,103.8,85.42336548767418,59086589
2021-06-25,CRESW,0.05,0.9,1700.0,717304
2021-06-22,ALFIW,4.95,11.8,138.3838383838384,2115776
2021-06-16,VINO,5124.0,9576.0,86.88524590163934,24230
2021-06-15,ALFIW,1.0,2.01,100.99999999999997,2479536
2021-06-10,ORPH,5.25,21.0,300.0,7942404
2021-06-08,DCRCW,1.09,2.0,83.48623853211008,711369
2021-06-08,CLOVW,6.1,10.98,80.00000000000001,18878106
2021-06-01,WPG,2.31,4.74,105.1948051948052,106784306
2021-05-24,SCPS,5.74,10.25,78.57142857142857,39638413
2021-05-20,BRPA,19.28,36.08,87.13692946058089,2851293
2021-05-10,IHT,3.46,6.39,84.68208092485548,33489556
2021-05-06,LEDS,5.31,10.22,92.46704331450097,159231544
2021-05-05,NMRD,4.87,11.06,127.1047227926078,58068751
2021-05-05,RHE,9.99,19.49,95.09509509509508,88788961
2021-05-03,ISNS,6.06,11.31,86.63366336633665,38637973
2021-05-03,PRPO,36.8,99.0,169.0217391304348,16673369
2021-04-28,BTX,452.4,874.6,93.32449160035368,2677398
2021-04-26,RVPHW,0.4315,0.865601,100.60278099652376,2700711
2021-04-26,RVPH,4.95,8.7,75.75757575757574,85240003
2021-04-21,SKLZ.WS,3.25,5.75,76.92307692307693,1677977
2021-04-14,SQMr,1.5,3.3,120.0,1353722
2021-04-08,CMMB,109.6,220.0,100.72992700729928,706442
2021-04-06,UTME,11.4,39.0,242.10526315789474,1776683
2021-04-01,ACY,4.2,9.7,130.95238095238093,148749253
2021-03-24,HPR,5.0,10.83,116.6,3322145
2021-03-24,WKEY,53.85,102.6,90.5292479108635,17245720
2021-03-22,TKAT,26.0,49.0,88.46153846153845,39504740
2021-03-22,JFIN,7.72,14.64,89.63730569948189,77470824
2021-03-18,JFIN,5.35,9.41,75.88785046728972,138159967
2021-03-17,TKAT,5.26,22.6,329.6577946768062,68004750
2021-03-17,IMTE,45.4,84.0,85.02202643171806,2711706
2021-03-17,OCG,28.75,53.0,84.34782608695653,20113314
2021-03-15,TKAT,4.06,8.39,106.65024630541875,8882630
2021-03-15,OCG,23.05,46.5,101.7353579175705,9193912
2021-03-11,RMO.WS,1.14,2.34,105.26315789473684,3050136
2021-03-10,AVEO,8.22,15.28,85.88807785888075,50864569
2021-03-10,JE,1.15,2.6,126.08695652173915,16675719
2021-03-09,WPG,1.85,3.39,83.24324324324324,44388689
2021-03-09,XELA,9880.0,18440.0,86.63967611336032,118738
2021-03-09,INVO,106.2,188.0,77.02448210922786,4840466
2021-03-05,EYES,2.29,5.79,152.83842794759826,739730593
2021-03-01,MORF,45.0,84.85,88.55555555555554,12970204
2021-02-26,XTNT,2.01,4.33,115.42288557213934,218827795
2021-02-25,CDXC,10.0,18.74,87.39999999999999,119405224
2021-02-24,GME,11.175,22.9275,105.1677852348993,332715080
2021-02-16,SCKT,10.19,20.68,102.9440628066732,227105426
2021-02-16,CCIV.WS,17.63,30.9,75.26942711287579,6671931
2021-02-16,PXS,6.706,11.84,76.55830599463165,11385556
2021-02-12,WNW,12152.0,22533.0,85.42626728110599,31656
2021-02-11,IFMK,1.47,3.3,124.48979591836734,46840420
2021-02-10,TGC,2.74,5.05,84.30656934306568,21754950
2021-02-10,ANCN,45.76,127.36,178.32167832167832,2897695
2021-02-09,AUVI,1125.0,2463.75,119.0,946712
2021-02-09,RAAS,81.0,144.0,77.77777777777779,9142348
2021-02-08,AEZS,118.0,334.0,183.05084745762713,2186522
2021-02-08,NGACW,2.2,4.19,90.45454545454545,2546281
2021-02-08,OTLKW,1.17,2.09,78.63247863247864,320283
2021-02-05,UKOMW,0.29,0.6599,127.55172413793106,1526288
2021-02-04,AACG,3.67,14.3,289.64577656675755,315842275
2021-02-04,CYTHW,4.1,7.75,89.02439024390245,579339
2021-02-03,CPSH,8.9,16.54,85.84269662921346,46103685
2021-02-03,CLNNW,0.755,2.21,192.71523178807948,2424803
2021-02-01,LACQW,1.61,3.1,92.54658385093167,2915311
2021-01-28,CEI,56.0,104.5,86.60714285714286,2111036
2021-01-28,GBR,2.3,25.0,986.9565217391305,95591398
2021-01-28,TGC,1.55,4.12,165.80645161290323,45144040
2021-01-28,PED,1.4,2.89,106.42857142857144,40868153
2021-01-28,MARPS,4.01,8.98,123.94014962593518,2616444
2021-01-28,BRN,1.83,5.7601,214.75956284153006,5644886
2021-01-27,GNUS,16.3,30.6,87.73006134969326,21589796
2021-01-27,MSN,1.24,2.17,75.0,8191722
2021-01-27,CVM,427.5,750.0,75.43859649122807,491171
2021-01-27,NAKD,5.265,20.7,293.16239316239313,152835045
2021-01-27,KOSS,17.52,58.0,231.0502283105023,25073496
2021-01-27,FOSL,12.74,23.66,85.71428571428571,20207670
2021-01-26,PBI,7.62,13.63,78.87139107611549,47600161
2021-01-20,FTOCW,2.07,3.83,85.024154589372,4321256
2021-01-20,OBLN,9.63,24.84,157.94392523364485,148645541
2021-01-19,SENS,32.0,57.0,78.125,20581888
2021-01-19,GRTS,8.8398,22.27,151.9287766691554,72399325
2021-01-15,YTEN,186.0,329.04,76.90322580645163,143889
2021-01-14,LXRX,4.22,8.05,90.75829383886258,163685746
2021-01-12,CPSH,3.22,6.84,112.42236024844718,3778046
2021-01-12,APWC,2.46,4.805,95.32520325203251,1593917
2021-01-11,CCIV.WS,1.5,4.0,166.66666666666669,14145470
2021-01-11,SIFY,9.72,17.1,75.92592592592592,8480978
2021-01-08,APDN,5710.0,11640.0,103.85288966725044,22046
2021-01-08,LMFA,23.4,63.9,173.0769230769231,7826201
2021-01-07,FTFT,115.5,287.5,148.91774891774892,5906969
2021-01-07,DDD,12.36,22.96,85.76051779935277,193660147
2021-01-06,AIG.WS,0.09,0.23,155.55555555555557,5672609
2021-01-06,UONE,4.46,8.87,98.87892376681613,16222466
2021-01-05,MXC,5.56,10.45,87.94964028776978,2372517
2021-01-04,CHEK,14.432,29.0,100.94235033259422,17828571
2021-01-04,JAGX,297675.0,600750.0,101.81405895691611,1029
